,Name,Description,Memory,Probability,Estimation,Underestimation,Overestimation,Choice,Effect,Prediction,Future,Past,Action,Information,Assumption,Perception,Risk,Weight,Belief,Avoidance,Ancoring bias,Apophenia,Availability heuristic,Cognitive dissonance,Confirmation bias,Egocentric bias,Extension neglect,False priors,Framing effect,Logical fallacy,Prospect theory,Self-assessment,Truthiness,Association fallacy,Attribution bias,Conformity,Ingroup bias
0,Illusion of validity,"the tendency to overestimate the accuracy of one's judgments, especially when available information is consistent or inter-correlated.[40]",False,False,True,False,True,False,False,False,False,False,False,True,False,False,False,False,False,False,False,False,False,False,False,True,False,False,False,False,False,False,False,False,False,False,False
1,Attentional bias,the tendency of perception to be affected by recurring thoughts.[23],False,False,False,False,False,False,False,False,False,False,False,False,False,True,False,False,False,False,False,False,True,False,False,False,False,False,False,False,False,False,False,False,False,False,False
2,Automation bias,the tendency to depend excessively on automated systems which can lead to erroneous automated information overriding correct decisions.[52],False,False,False,False,False,False,False,False,False,False,False,True,False,False,False,False,False,False,False,False,False,False,False,False,False,True,False,False,False,False,False,False,False,False,False
3,Conjunction fallacy,the tendency to assume that specific conditions are more probable than a more general version of those same conditions.[48],False,True,False,False,False,False,False,False,False,False,False,False,True,False,False,False,False,False,False,False,False,False,False,False,True,False,False,False,False,False,False,False,False,False,False
4,Denomination effect,"the tendency to spend more money when it is denominated in small amounts (e.g., coins) rather than large amounts (e.g., bills).[59]",False,False,False,False,False,False,True,False,False,False,False,False,False,False,False,False,False,False,False,False,False,False,False,False,False,False,True,False,False,False,False,False,False,False,False
5,Conservatism bias,the tendency to insufficiently revise one's belief when presented with new evidence.[5][14][15],False,False,False,False,False,False,False,False,False,False,False,False,False,False,False,False,True,False,True,False,False,False,False,False,False,False,False,False,False,False,False,False,False,False,False
6,Dunning–Kruger effect,the tendency for unskilled individuals to overestimate their own ability and the tendency for experts to underestimate their own ability.[72],False,False,True,True,True,False,True,False,False,False,False,False,False,False,False,False,False,False,False,False,False,False,False,False,False,False,False,False,False,True,False,False,False,False,False
8,Hard–easy effect,"the tendency to overestimate one's ability to accomplish hard tasks, and underestimate one's ability to accomplish easy tasks.[5][74][75][76]",False,False,True,True,True,False,True,False,False,False,False,False,False,False,False,False,False,False,False,False,False,False,False,False,False,False,False,False,False,False,False,False,False,False,False
9,Courtesy bias,"the tendency to give an opinion that is more socially correct than one's true opinion, so as to avoid offending anyone.[125]",False,False,False,False,False,False,False,False,False,False,False,False,False,False,False,False,False,True,False,False,False,False,False,False,False,False,False,False,False,False,False,False,False,True,False
10,Social cryptomnesia,"a failure by people and society in general to remember the origin of a change, in which people know that a change has occurred in society, but forget how this change occurred; that is, the steps that were taken to bring this change about, and who took these steps. This has led to reduced social credit towards the minorities who made major sacrifices that led to the change in societal values.[137]",True,False,False,False,False,False,False,False,False,False,False,False,False,False,False,False,False,False,False,False,False,False,False,False,False,False,False,False,False,False,False,False,False,False,False
11,Suggestibility,where ideas suggested by a questioner are mistaken for memory.,True,False,False,False,False,False,False,False,False,False,False,False,False,False,False,False,False,False,False,False,False,False,False,False,False,False,False,False,False,False,False,False,False,False,False
12,Restraint bias,the tendency to overestimate one's ability to show restraint in the face of temptation.,False,False,True,False,True,False,False,False,False,False,False,False,False,False,False,False,False,False,False,False,False,False,False,True,False,False,False,False,False,False,False,False,False,False,False
13,Default effect,the tendency to favor the default option when given a choice between several options.[58],False,False,False,False,False,True,True,False,False,False,False,False,False,False,False,False,False,False,False,False,False,False,False,False,False,False,True,False,False,False,False,False,False,False,False
14,Ultimate attribution error,"similar to the fundamental attribution error, in this error a person is likely to make an internal attribution to an entire group instead of the individuals within the group.",False,False,False,False,False,False,False,False,False,False,False,False,False,False,False,False,False,False,False,False,False,False,False,False,False,False,False,False,False,False,False,False,True,False,False
15,Less-is-better effect,"the tendency to prefer a smaller set to a larger set judged separately, but not jointly.",False,False,False,False,False,True,True,False,False,False,False,False,False,False,False,False,False,False,False,False,False,False,False,False,True,False,False,False,False,False,False,False,False,False,False
16,Availability cascade,"a self-reinforcing process in which a collective belief gains more and more plausibility through its increasing repetition in public discourse (or ""repeat something long enough and it will become true"").[123] See also availability heuristic.",False,False,False,False,False,False,False,False,False,False,False,False,False,False,False,False,True,False,False,False,False,False,False,False,False,False,False,False,False,False,False,False,False,True,False
17,Pseudocertainty effect,"the tendency to make risk-averse choices if the expected outcome is positive, but make risk-seeking choices to avoid negative outcomes.[69]",False,False,False,False,False,True,True,False,False,False,False,False,False,False,True,False,False,True,False,False,False,False,False,False,False,False,False,False,True,False,False,False,False,False,False
18,Decoy effect,"where preferences for either option A or B change in favor of option B when option C is presented, which is completely dominated by option B (inferior in all respects) and partially dominated by option A.[57]",False,False,False,False,False,True,True,False,False,False,False,False,False,False,False,False,False,False,False,False,False,False,False,False,False,False,True,False,False,False,False,False,False,False,False
19,Subadditivity effect,the tendency to judge the probability of the whole to be less than the probabilities of the parts.[64],False,True,False,False,False,False,True,False,False,False,False,False,False,False,False,False,False,False,False,False,False,False,False,False,False,False,False,True,False,False,False,False,False,False,False
20,Authority bias,the tendency to attribute greater accuracy to the opinion of an authority figure (unrelated to its content) and be more influenced by that opinion.[115],False,False,False,False,False,False,False,False,False,False,False,False,False,False,False,False,False,False,False,False,False,False,False,False,False,False,False,False,False,False,False,True,False,False,False
21,Anthropocentric thinking,"the tendency to use human analogies as a basis for reasoning about other, less familiar, biological phenomena.[20]",False,False,False,False,False,False,False,False,False,False,False,False,False,False,False,False,False,False,False,False,True,False,False,False,False,False,False,False,False,False,False,False,False,False,False
22,Hot-cold empathy gap,"the tendency to underestimate the influence of visceral drives on one's attitudes, preferences, and behaviors.[73]",False,False,True,True,False,False,False,False,False,False,False,False,False,False,False,False,False,False,False,False,False,False,False,False,False,False,False,False,False,True,False,False,False,False,False
23,Forer effect or Barnum effect,"the tendency for individuals to give high accuracy ratings to descriptions of their personality that supposedly are tailored specifically for them, but are in fact vague and general enough to apply to a wide range of people. This effect can provide a partial explanation for the widespread acceptance of some beliefs and practices, such as astrology, fortune telling, graphology, and some types of personality tests.[37]",False,False,False,False,False,False,True,False,False,False,False,False,False,False,False,False,True,False,False,False,False,False,False,True,False,False,False,False,False,False,False,False,False,False,False
24,Sexual overperception bias,"the tendency to overestimate sexual interest of another person in oneself, and Sexual underperception bias, the tendency to underestimate it.",False,False,True,True,True,False,False,False,False,False,False,False,False,True,False,False,False,False,False,False,False,False,False,False,False,True,False,False,False,False,False,False,False,False,False
25,Observer-expectancy effect,when a researcher expects a given result and therefore unconsciously manipulates an experiment or misinterprets data in order to find it (see also subject-expectancy effect).,False,False,False,False,False,False,True,False,False,False,False,False,False,False,False,False,False,False,False,False,False,False,True,False,False,False,False,False,False,False,False,False,False,False,False
26,Selective perception,the tendency for expectations to affect perception.,False,False,False,False,False,False,False,False,False,False,False,False,False,True,False,False,False,False,False,False,False,False,True,False,False,False,False,False,False,False,False,False,False,False,False
27,Outgroup homogeneity bias,where individuals see members of other groups as being relatively less varied than members of their own group.[129],False,False,False,False,False,False,False,False,False,False,False,False,False,True,False,False,False,False,False,False,False,False,False,False,False,False,False,False,False,False,False,False,False,False,True
28,Gender bias,"a widespread[53] set of implicit biases that discriminate against a gender. For example, the assumption that women are less suited to jobs requiring high intellectual ability.[54][failed verification] Or the assumption that people or animals are male in the absence of any indicators of gender.[55]",False,False,False,False,False,False,False,False,False,False,False,False,True,False,False,False,False,False,False,False,False,False,False,False,False,True,False,False,False,False,False,False,False,False,False
29,Escalation of commitment,"irrational escalation, or sunk cost fallacy, where people justify increased investment in a decision, based on the cumulative prior investment, despite new evidence suggesting that the decision was probably wrong.",False,False,False,False,False,False,False,False,False,False,False,False,False,False,False,False,False,False,False,False,False,False,False,False,False,False,False,True,False,False,False,False,False,False,False
30,Ambiguity effect,the tendency to avoid options for which the probability of a favorable outcome is unknown.[65],False,True,False,False,False,True,True,False,False,False,False,False,False,False,False,False,False,True,False,False,False,False,False,False,False,False,False,False,True,False,False,False,False,False,False
31,Agent detection,the inclination to presume the purposeful intervention of a sentient or intelligent agent.,False,False,False,False,False,False,False,False,False,False,False,False,False,False,False,False,False,False,False,False,False,False,False,False,False,True,False,False,False,False,False,False,False,False,False
32,Belief bias,an effect where someone's evaluation of the logical strength of an argument is biased by the believability of the conclusion.[81],False,False,False,False,False,False,False,False,False,False,False,False,False,False,False,False,True,False,False,False,False,False,False,False,False,False,False,False,False,False,True,False,False,False,False
33,Functional fixedness,a tendency limiting a person to using an object only in the way it is traditionally used.[16],False,False,False,False,False,False,False,False,False,False,False,False,False,False,False,False,False,False,True,False,False,False,False,False,False,False,False,False,False,False,False,False,False,False,False
34,Experimenter's or expectation bias,"the tendency for experimenters to believe, certify, and publish data that agree with their expectations for the outcome of an experiment, and to disbelieve, discard, or downgrade the corresponding weightings for data that appear to conflict with those expectations.[32]",False,False,False,False,False,False,False,False,False,False,False,False,False,False,False,True,True,False,False,False,False,False,True,False,False,False,False,False,False,False,False,False,False,False,False
35,Base rate fallacy or base rate neglect,"the tendency to ignore general information and focus on information only pertaining to the specific case, even when the general information is more important.[46]",False,False,False,False,False,False,False,False,False,False,False,True,False,False,False,False,False,False,False,False,False,False,False,False,True,False,False,False,False,False,False,False,False,False,False
36,Truth bias is people's inclination towards believing,"to some degree, the communication of another person, regardless of whether or not that person is actually lying or being untruthful.[127][128]",False,False,False,False,False,False,False,False,False,False,False,False,False,False,False,False,False,False,False,False,False,False,False,False,False,False,False,False,False,False,False,False,False,True,False
37,Congruence bias,"the tendency to test hypotheses exclusively through direct testing, instead of testing possible alternative hypotheses.[12]",False,False,False,False,False,False,False,False,False,False,False,False,False,False,False,False,False,False,False,False,False,False,True,False,False,False,False,False,False,False,False,False,False,False,False
38,Hyperbolic discounting,"where discounting is the tendency for people to have a stronger preference for more immediate payoffs relative to later payoffs. Hyperbolic discounting leads to choices that are inconsistent over time – people make choices today that their future selves would prefer not to have made, despite using the same reasoning.[50] Also known as current moment bias or present bias, and related to Dynamic inconsistency. A good example of this is a study showed that when making food choices for the coming week, 74% of participants chose fruit, whereas when the food choice was for the current day, 70% chose chocolate.",False,False,False,False,False,True,False,False,True,False,False,False,False,False,False,False,False,False,False,False,False,False,False,False,True,False,False,False,False,False,False,False,False,False,False
39,False uniqueness bias,the tendency of people to see their projects and themselves as more singular than they actually are.[36],False,False,False,False,False,False,False,False,False,False,False,False,False,True,False,False,False,False,False,False,False,False,False,True,False,False,False,False,False,False,False,False,False,False,False
40,Illusory truth effect,"the tendency to believe that a statement is true if it is easier to process, or if it has been stated multiple times, regardless of its actual veracity. These are specific cases of truthiness.",False,False,False,False,False,False,True,False,False,False,False,False,False,False,False,False,True,False,False,False,False,False,False,False,False,False,False,False,False,False,True,False,False,False,False
41,Duration neglect,the neglect of the duration of an episode in determining its value.[49],False,False,False,False,False,False,False,False,False,False,False,False,False,False,False,False,False,False,False,False,False,False,False,False,True,False,False,False,False,False,False,False,False,False,False
42,Clustering illusion,"the tendency to overestimate the importance of small runs, streaks, or clusters in large samples of random data (that is, seeing phantom patterns).[12]",False,False,True,False,True,False,False,False,False,False,False,False,False,True,False,False,False,False,False,True,False,False,False,False,False,False,False,False,False,False,False,False,False,False,False
43,Illusory correlation,a tendency to inaccurately perceive a relationship between two unrelated events.[17][18],False,False,False,False,False,False,False,False,False,False,False,False,False,True,False,False,False,False,False,True,False,False,False,False,False,False,False,False,False,False,False,False,False,False,False
44,Contrast effect,"the enhancement or reduction of a certain stimulus' perception when compared with a recently observed, contrasting object.[56]",False,False,False,False,False,False,True,False,False,False,False,False,False,True,False,False,False,False,False,False,False,False,False,False,False,False,True,False,False,False,False,False,False,False,False
45,Objectivity illusion,"the phenomena where people tend to believe that they are more objective and unbiased than others. This bias can apply to itself - where people are able to see when others are affected by the objectivity illusion, but unable to see it in themselves. See also bias blind spot[80]",False,False,False,False,False,False,False,False,False,False,False,False,False,True,False,False,True,False,False,False,False,False,False,False,False,False,False,False,False,True,False,False,False,False,False
46,Defensive attribution hypothesis,a tendency to attribute more blame to a harm-doer as the outcome becomes more severe or as personal or situational similarity to the victim increases.,False,False,False,False,False,False,False,False,False,False,False,False,False,False,False,False,False,False,False,False,False,False,False,False,False,False,False,False,False,False,False,False,True,False,False
47,Gambler's fallacy,"the tendency to think that future probabilities are altered by past events, when in reality they are unchanged. The fallacy arises from an erroneous conceptualization of the law of large numbers. For example, ""I've flipped heads with this coin five times consecutively, so the chance of tails coming out on the sixth flip is much greater than heads.""[62]",False,True,False,False,False,False,False,False,True,True,False,False,False,False,False,False,False,False,False,False,False,False,False,False,False,False,False,True,False,False,False,False,False,False,False
48,Puritanical bias,the tendency to attribute cause of an undesirable outcome or wrongdoing by an individual to a moral deficiency or lack of self-control rather than taking into account the impact of broader societal determinants .[121],False,False,False,False,False,False,False,False,False,False,False,False,False,False,False,False,False,False,False,False,False,False,False,False,False,False,False,False,False,False,False,False,True,False,False
49,Not invented here,"an aversion to contact with or use of products, research, standards, or knowledge developed outside a group.",False,False,False,False,False,False,False,False,False,False,False,False,False,False,False,False,False,False,False,False,False,False,False,False,False,False,False,False,False,False,False,False,False,False,True
50,Compassion fade,the tendency to behave more compassionately towards a small number of identifiable victims than to a large number of anonymous ones.[47],False,False,False,False,False,False,False,False,False,False,False,False,False,False,False,False,False,False,False,False,False,False,False,False,True,False,False,False,False,False,False,False,False,False,False
51,Implicit association,where the speed with which people can match words depends on how closely they are associated.,False,False,False,False,False,False,False,False,False,False,False,False,False,False,False,False,False,False,False,False,True,False,False,False,False,False,False,False,False,False,False,False,False,False,False
52,Groupthink,"the psychological phenomenon that occurs within a group of people in which the desire for harmony or conformity in the group results in an irrational or dysfunctional decision-making outcome. Group members try to minimize conflict and reach a consensus decision without critical evaluation of alternative viewpoints by actively suppressing dissenting viewpoints, and by isolating themselves from outside influences.",False,False,False,False,False,False,False,False,False,False,False,False,False,False,False,False,False,False,False,False,False,False,False,False,False,False,False,False,False,False,False,False,False,True,False
53,Illusion of transparency,"the tendency for people to overestimate the degree to which their personal mental state is known by others, and to overestimate how well they understand others' personal mental states.",False,False,True,False,True,False,False,False,False,False,False,False,False,False,False,False,False,False,False,False,False,False,False,True,False,False,False,False,False,False,False,False,False,False,False
54,Effort justification is a person's tendency to attribute greater value to an outcome if they had to put effort into achieving it. This can result in more value being applied to an outcome than it actually has. An example of this is the IKEA effect,"the tendency for people to place a disproportionately high value on objects that they partially assembled themselves, such as furniture from IKEA, regardless of the quality of the end product.[28]",False,False,False,False,False,False,True,False,False,False,False,False,False,False,False,False,False,False,False,False,False,True,False,False,False,False,False,False,False,False,False,False,False,False,False
55,Well travelled road effect,the tendency to underestimate the duration taken to traverse oft-travelled routes and overestimate the duration taken to traverse less familiar routes.,False,False,True,True,True,False,True,False,False,False,False,False,False,False,False,False,False,False,False,False,True,False,False,False,False,False,False,False,False,False,False,False,False,False,False
56,Hostile attribution bias,"the tendency to interpret others' behaviors as having hostile intent, even when the behavior is ambiguous or benign.[119]",False,False,False,False,False,False,False,False,False,False,False,False,False,False,False,False,False,False,False,False,False,False,False,False,False,False,False,False,False,False,False,False,True,False,False
57,"Hot-hand fallacy (also known as ""hot hand phenomenon"" or ""hot hand"")",the belief that a person who has experienced success with a random event has a greater chance of further success in additional attempts.,False,True,False,False,False,False,False,False,False,False,False,False,False,False,False,False,True,False,False,False,False,False,False,False,False,False,False,True,False,False,False,False,False,False,False
58,False memory,where imagination is mistaken for a memory.,True,False,False,False,False,False,False,False,False,False,False,False,False,False,False,False,False,False,False,False,False,False,False,False,False,False,False,False,False,False,False,False,False,False,False
59,Endowment effect,the tendency for people to demand much more to give up an object than they would be willing to pay to acquire it.[67],False,False,False,False,False,False,True,False,False,False,False,False,False,False,False,False,False,False,False,False,False,False,False,False,False,False,False,False,True,False,False,False,False,False,False
60,Third-person effect,a tendency to believe that mass-communicated media messages have a greater effect on others than on themselves.,False,False,False,False,False,False,True,False,False,False,False,False,False,False,False,False,True,False,False,False,False,False,False,True,False,False,False,False,False,False,False,False,False,False,False
61,Naïve cynicism,expecting more egocentric bias in others than in oneself.,False,False,False,False,False,False,False,False,False,False,False,False,False,False,False,False,False,False,False,False,False,False,False,False,False,False,False,False,False,False,False,False,False,False,False
62,Just-world hypothesis,"the tendency for people to want to believe that the world is fundamentally just, causing them to rationalize an otherwise inexplicable injustice as deserved by the victim(s).",False,False,False,False,False,False,False,False,False,False,False,False,False,False,False,False,True,False,False,False,False,False,False,False,False,False,False,False,False,False,False,False,True,False,False
63,Self-serving bias,the tendency to claim more responsibility for successes than failures. It may also manifest itself as a tendency for people to evaluate ambiguous information in a way beneficial to their interests (see also group-serving bias).[122],False,False,False,False,False,False,False,False,False,False,False,True,False,False,False,False,False,False,False,False,False,False,False,False,False,False,False,False,False,False,False,False,True,False,False
64,System justification,"the tendency to defend and bolster the status quo. Existing social, economic, and political arrangements tend to be preferred, and alternatives disparaged, sometimes even at the expense of individual and collective self-interest.",False,False,False,False,False,False,False,False,False,False,False,False,False,False,False,False,False,False,False,False,False,False,False,False,False,False,False,False,True,False,False,False,False,False,False
65,Scope neglect or scope insensitivity,"the tendency to be insensitive to the size of a problem when evaluating it. For example, being willing to pay as much to save 2,000 children or 20,000 children",False,False,False,False,False,False,False,False,False,False,False,False,False,False,False,False,False,False,False,False,False,False,False,False,True,False,False,False,False,False,False,False,False,False,False
66,Neglect of probability,the tendency to completely disregard probability when making a decision under uncertainty.[51],False,True,False,False,False,False,False,False,False,False,False,False,False,False,False,False,False,False,False,False,False,False,False,False,True,False,False,False,False,False,False,False,False,False,False
67,Distinction bias,the tendency to view two options as more dissimilar when evaluating them simultaneously than when evaluating them separately.[60],False,False,False,False,False,True,False,False,False,False,False,False,False,False,False,False,False,False,False,False,False,False,False,False,False,False,True,False,False,False,False,False,False,False,False
68,Group attribution error,"the biased belief that the characteristics of an individual group member are reflective of the group as a whole or the tendency to assume that group decision outcomes reflect the preferences of group members, even when information is available that clearly suggests otherwise.",False,False,False,False,False,False,False,False,False,False,False,True,True,False,False,False,True,False,False,False,False,False,False,False,False,False,False,False,False,False,False,False,False,False,False
69,Bandwagon effect,the tendency to do (or believe) things because many other people do (or believe) the same. Related to groupthink and herd behavior.[124],False,False,False,False,False,False,True,False,False,False,False,False,False,False,False,False,True,False,False,False,False,False,False,False,False,False,False,False,False,False,False,False,False,True,False
70,Frequency illusion or Baader–Meinhof phenomenon. The frequency illusion is that once something has been noticed then every instance of that thing is noticed,leading to the belief it has a high frequency of occurrence (a form of selection bias).[24] The Baader–Meinhof phenomenon is the illusion where something that has recently come to one's attention suddenly seems to appear with improbable frequency shortly afterwards.[25][26] It was named after an incidence of frequency illusion in which the Baader–Meinhof Group was mentioned.[27],False,False,False,False,False,True,False,False,False,False,False,False,False,False,False,False,True,False,False,False,True,False,False,False,False,False,False,False,False,False,False,False,False,False,False
71,Illicit transference,occurs when a term in the distributive (referring to every member of a class) and collective (referring to the class itself as a whole) sense are treated as equivalent. The variants of this fallacy are the fallacy of composition and the fallacy of division.,False,False,False,False,False,False,False,False,False,False,False,False,False,False,False,False,False,False,False,False,False,False,False,False,False,False,False,True,False,False,False,False,False,False,False
72,Anthropomorphism or personification,"the tendency to characterize animals, objects, and abstract concepts as possessing human-like traits, emotions, and intentions.[21] The opposite bias, of not attributing feelings or thoughts to another person, is dehumanised perception,[22] a type of objectification.",False,False,False,False,False,False,False,False,False,False,False,False,False,True,False,False,False,False,False,False,True,False,False,False,False,False,False,False,False,False,False,False,False,False,False
73,False consensus effect,the tendency for people to overestimate the degree to which others agree with them.[35],False,False,True,False,True,False,True,False,False,False,False,False,False,False,False,False,False,False,False,False,False,False,False,True,False,False,False,False,False,False,False,False,False,False,False
74,Status quo bias,the tendency to prefer things to stay relatively the same.[70][71],False,False,False,False,False,True,False,False,False,False,False,False,False,False,False,False,False,False,False,False,False,False,False,False,False,False,False,False,True,False,False,False,False,False,False
75,Plan continuation bias,failure to recognize that the original plan of action is no longer appropriate for a changing situation or for a situation that is different than anticipated.[63],False,False,False,False,False,False,False,False,False,False,True,False,False,False,False,False,False,False,False,False,False,False,False,False,False,False,False,True,False,False,False,False,False,False,False
76,Selection bias,"which happens when the members of a statistical sample are not chosen completely at random, which leads to the sample not being representative of the population.",False,False,False,False,False,False,False,False,False,False,False,False,False,False,False,False,False,False,False,False,True,False,False,False,False,False,False,False,False,False,False,False,False,False,False
77,Halo effect,"the tendency for a person's positive or negative traits to ""spill over"" from one personality area to another in others' perceptions of them (see also physical attractiveness stereotype).[117]",False,False,False,False,False,False,True,False,False,False,False,False,False,True,False,False,False,False,False,False,False,False,False,False,False,False,False,False,False,False,False,True,False,False,False
78,Time-saving bias,"a tendency to underestimate the time that could be saved (or lost) when increasing (or decreasing) from a relatively low speed, and to overestimate the time that could be saved (or lost) when increasing (or decreasing) from a relatively high speed.",False,False,True,True,True,False,False,False,False,False,False,False,False,False,False,False,False,False,False,False,False,False,False,False,False,False,False,True,False,False,False,False,False,False,False
79,Moral luck,the tendency for people to ascribe greater or lesser moral standing based on the outcome of an event.,False,False,False,False,False,False,False,False,False,False,False,False,False,False,False,False,False,False,False,False,False,False,False,False,False,False,False,False,False,False,False,False,True,False,False
80,Zero-risk bias,the preference for reducing a small risk to zero over a greater reduction in a larger risk.,False,False,False,False,False,False,False,False,False,False,False,False,False,False,True,False,False,False,False,False,False,False,False,False,True,False,False,False,False,False,False,False,False,False,False
81,Semmelweis reflex,the tendency to reject new evidence that contradicts a paradigm.[15],False,False,False,False,False,False,False,False,False,False,False,False,False,False,False,False,False,False,False,False,False,False,True,False,False,False,False,False,False,False,False,False,False,False,False
82,Survivorship bias,"which is concentrating on the people or things that ""survived"" some process and inadvertently overlooking those that did not because of their lack of visibility.",False,False,False,False,False,False,False,False,False,False,False,False,False,False,False,False,False,False,False,False,True,False,False,False,False,False,False,False,False,False,False,False,False,False,False
83,Berkson's paradox,the tendency to misinterpret statistical experiments involving conditional probabilities.[61],False,True,False,False,False,False,False,False,False,False,False,False,False,False,False,False,False,False,False,False,False,False,False,False,False,False,False,True,False,False,False,False,False,False,False
84,Planning fallacy,the tendency for people to underestimate the time it will take them to complete a given task.[45],False,False,True,True,False,False,False,False,False,False,False,False,False,False,False,False,False,False,False,False,False,False,False,True,False,False,False,False,False,False,False,False,False,False,False
85,Extrinsic incentives bias,"an exception to the fundamental attribution error, where people view others as having (situational) extrinsic motivations and (dispositional) intrinsic motivations for oneself",False,False,False,False,False,False,False,False,False,False,False,False,False,False,False,False,False,False,False,False,False,False,False,False,False,False,False,False,False,False,False,False,True,False,False
86,Disposition effect,the tendency to sell an asset that has accumulated in value and resist selling an asset that has declined in value.,False,False,False,False,False,False,True,False,False,False,False,False,False,False,False,False,False,False,False,False,False,False,False,False,False,False,False,False,True,False,False,False,False,False,False
87,Rhyme as reason effect,where rhyming statements are perceived as more truthful.,False,False,False,False,False,False,True,False,False,False,False,False,False,True,False,False,False,False,False,False,False,False,False,False,False,False,False,False,False,False,True,False,False,False,False
88,Fundamental attribution error,"the tendency for people to over-emphasize personality-based explanations for behaviors observed in others while under-emphasizing the role and power of situational influences on the same behavior[107] (see also actor-observer bias, group attribution error, positivity effect, and negativity effect).[118]",False,False,False,False,False,False,False,False,False,False,False,False,False,False,False,True,False,False,False,False,False,False,False,False,False,False,False,False,False,False,False,False,True,False,False
89,Naïve realism,"the belief that we see reality as it really is – objectively and without bias; that the facts are plain for all to see; that rational people will agree with us; and that those who don't are either uninformed, lazy, irrational, or biased.",False,False,False,False,False,False,False,False,False,False,False,False,False,True,False,False,True,False,False,False,False,False,False,False,False,False,False,False,False,False,False,False,False,False,False
90,Illusion of explanatory depth,"the tendency to believe that one understands a topic much better than one actually does.[77][78] The effect is strongest for explanatory knowledge, whereas people tend to be better at self-assessments for procedural, narrative, or factual knowledge.[78][79]",False,False,False,False,False,False,False,False,False,False,False,False,False,False,False,False,True,False,False,False,False,False,False,False,False,False,False,False,False,True,False,False,False,False,False
91,Stereotyping,expecting a member of a group to have certain characteristics without having actual information about that individual.,False,False,False,False,False,False,False,False,False,False,False,True,False,False,False,False,False,False,False,False,False,False,False,False,False,True,False,False,False,False,False,False,False,False,False
92,Illusory superiority,"the tendency to overestimate one's desirable qualities, and underestimate undesirable qualities, relative to other people. (Also known as ""Lake Wobegon effect"", ""better-than-average effect"", or ""superiority bias"".)[41]",False,False,True,True,True,False,False,False,False,False,False,False,False,False,False,False,False,False,False,False,False,False,False,True,False,False,False,False,False,False,False,False,False,False,False
93,Law of the instrument,"an over-reliance on a familiar tool or methods, ignoring or under-valuing alternative approaches. ""If all you have is a hammer, everything looks like a nail.""",False,False,False,False,False,False,False,False,False,False,False,False,False,False,False,False,False,False,True,False,False,False,False,False,False,False,False,False,False,False,False,False,False,False,False
94,Cryptomnesia,"where a memory is mistaken for novel thought or imagination, because there is no subjective experience of it being a memory.[136]",True,False,False,False,False,False,False,False,False,False,False,False,False,False,False,False,False,False,False,False,False,False,False,False,False,False,False,False,False,False,False,False,False,False,False
95,Trait ascription bias,"the tendency for people to view themselves as relatively variable in terms of personality, behavior, and mood while viewing others as much more predictable.",False,False,False,False,False,False,False,True,False,False,False,False,False,False,False,False,False,False,False,False,False,False,False,True,False,False,False,False,False,False,False,False,False,False,False
96,Social desirability bias,the tendency to over-report socially desirable characteristics or behaviours in oneself and under-report socially undesirable characteristics or behaviours.[126] See also: § Courtesy bias.,False,False,False,False,False,False,False,False,False,False,False,False,False,False,False,False,False,False,False,False,False,False,False,False,False,False,False,False,False,False,False,False,False,True,False
97,Backfire effect,a tendency to react to disconfirming evidence by strengthening one's previous beliefs.[31] The existence of this bias as a widespread phenomenon has been disputed in empirical studies.[citation needed],False,False,False,False,False,False,True,False,False,False,False,False,False,False,False,False,True,False,False,False,False,False,True,False,False,False,False,False,False,False,False,False,False,False,False
98,The Normalcy bias,"a form of cognitive dissonance, is the refusal to plan for, or react to, a disaster which has never happened before.",False,False,False,False,False,False,False,False,False,False,False,False,False,False,False,False,False,False,False,False,False,True,False,False,False,False,False,False,False,False,False,False,False,False,False
99,Ben Franklin effect,where a person who has performed a favor for someone is more likely to do another favor for that person than they would be if they had received a favor from that person.[29],False,False,False,False,False,False,True,False,False,False,False,False,False,False,False,False,False,False,False,False,False,True,False,False,False,False,False,False,False,False,False,False,False,False,False
100,Dread aversion,"just as losses yield double the emotional impact of gains, dread yields double the emotional impact of savouring.[66][1]",False,False,False,False,False,False,False,False,False,False,False,False,False,False,False,False,False,False,False,False,False,False,False,False,False,False,False,False,True,False,False,False,False,False,False
101,Source confusion - confusing episodic memories with other information,creating distorted memories.[138],True,False,False,False,False,False,False,False,False,False,False,False,False,False,False,False,False,False,False,False,False,False,False,False,False,False,False,False,False,False,False,False,False,False,False
102,Actor-observer bias,"the tendency for explanations of other individuals' behaviors to overemphasize the influence of their personality and underemphasize the influence of their situation (see also Fundamental attribution error), and for explanations of one's own behaviors to do the opposite (that is, to overemphasize the influence of our situation and underemphasize the influence of our own personality).",False,False,False,False,False,False,False,False,False,False,False,False,False,False,False,True,False,False,False,False,False,False,False,False,False,False,False,False,False,False,False,False,True,False,False
103,Overconfidence effect,"a tendency to have excessive confidence in one's own answers to questions. For example, for certain types of questions, answers that people rate as ""99% certain"" turn out to be wrong 40% of the time.[5][42][43][44]",False,False,False,False,False,False,True,False,False,False,False,False,False,False,False,False,False,False,False,False,False,False,False,True,False,False,False,False,False,False,False,False,False,False,False
104,Zero-sum bias,"where a situation is incorrectly perceived to be like a zero-sum game (i.e., one person gains at the expense of another).",False,False,False,False,False,False,False,False,False,False,False,False,False,True,False,False,False,False,False,False,False,False,False,False,False,False,False,True,False,False,False,False,False,False,False
105,Insensitivity to sample size,the tendency to under-expect variation in small samples.,False,False,False,False,False,False,False,False,False,False,False,False,False,False,False,False,False,False,False,False,False,False,False,False,True,False,False,False,False,False,False,False,False,False,False
106,Cheerleader effect,the tendency for people to appear more attractive in a group than in isolation.[116],False,False,False,False,False,False,True,False,False,False,False,False,False,False,False,False,False,False,False,False,False,False,False,False,False,False,False,False,False,False,False,True,False,False,False
107,Illusion of control,the tendency to overestimate one's degree of influence over other external events.[39],False,False,True,False,True,False,False,False,False,False,False,False,False,False,False,False,False,False,False,False,False,False,False,True,False,False,False,False,False,False,False,False,False,False,False
108,Intentionality bias,the tendency to judge human action to be intentional rather than accidental.[120],False,False,False,False,False,False,False,False,False,False,True,False,False,False,False,False,False,False,False,False,False,False,False,False,False,False,False,False,False,False,False,False,True,False,False
109,Pareidolia,"a tendency to perceive a vague and random stimulus (often an image or sound) as significant, e.g., seeing images of animals or faces in clouds, the man in the moon, and hearing non-existent hidden messages on records played in reverse.",False,False,False,False,False,False,False,False,False,False,False,False,False,True,False,False,False,False,False,True,False,False,False,False,False,False,False,False,False,False,False,False,False,False,False
110,Loss aversion,where the perceived disutility of giving up an object is greater than the utility associated with acquiring it.[68] (see also Sunk cost fallacy),False,False,False,False,False,False,False,False,False,False,False,False,False,True,False,False,False,False,False,False,False,False,False,False,False,False,False,False,True,False,False,False,False,False,False
111,Bias blind spot,"the tendency to see oneself as less biased than other people, or to be able to identify more cognitive biases in others than in oneself.[34]",False,False,False,False,False,False,False,False,False,False,False,False,False,True,False,False,False,False,False,False,False,False,False,True,False,False,False,False,False,False,False,False,False,False,False
112,Subjective validation,where statements are perceived as true if a subject's belief demands it to be true. Also assigns perceived connections between coincidences. (Compare confirmation bias.),False,False,False,False,False,False,False,False,False,False,False,False,False,True,False,False,True,False,False,False,False,False,False,False,False,False,False,False,False,False,True,False,False,False,False
113,Salience bias,"the tendency to focus on items that are more prominent or emotionally striking and ignore those that are unremarkable, even though this difference is often irrelevant by objective standards.",False,False,False,False,False,False,False,False,False,False,False,False,False,False,False,False,False,False,False,False,True,False,False,False,False,False,False,False,False,False,False,False,False,False,False
114,Illusion of asymmetric insight,where people perceive their knowledge of their peers to surpass their peers' knowledge of them.[38],False,False,False,False,False,False,False,False,False,False,False,False,False,True,False,False,False,False,False,False,False,False,False,True,False,False,False,False,False,False,False,False,False,False,False
115,Action bias,"The tendency for someone to act when faced with a problem even when inaction would be more effective, or to act when no evident problem exists.[82][83]",False,False,False,False,False,False,False,False,False,False,True,False,False,False,False,False,False,False,False,False,False,False,False,False,False,False,False,False,False,False,True,False,False,False,False
116,Additive bias,"The tendency to solve problems through addition, even when subtraction is a better approach.[84][85]",False,False,False,False,False,False,False,False,False,False,False,False,False,False,False,False,False,False,False,False,False,False,False,False,False,False,False,False,False,False,True,False,False,False,False
117,Attribute substitution,"Occurs when a judgment has to be made (of a target attribute) that is computationally complex, and instead a more easily calculated heuristic attribute is substituted. This substitution is thought of as taking place in the automatic intuitive judgment system, rather than the more self-aware reflective system.",False,False,False,False,False,False,False,False,False,False,False,False,False,False,False,False,False,False,False,False,False,False,False,False,False,False,False,False,False,False,True,False,False,False,False
118,Curse of knowledge,When better-informed people find it extremely difficult to think about problems from the perspective of lesser-informed people.[86],False,False,False,False,False,False,False,False,False,False,False,False,False,False,False,False,False,False,False,False,False,False,False,False,False,False,False,False,False,False,True,False,False,False,False
119,Declinism,The predisposition to view the past favorably (rosy retrospection) and future negatively.[87],False,False,False,False,False,False,False,False,True,True,False,False,False,False,False,False,False,False,False,False,False,False,False,False,False,False,False,False,False,False,True,False,False,False,False
120,End-of-history illusion,The age-independent belief that one will change less in the future than one has in the past.[88],False,False,False,False,False,False,False,False,True,True,False,False,False,False,False,False,True,False,False,False,False,False,False,False,False,False,False,False,False,False,True,False,False,False,False
121,.mw-parser-output .vanchor>:target~.vanchor-text{background-color:#b1d2ff}Exaggerated expectation,The tendency to expect or predict more extreme outcomes than those outcomes that actually happen.[5],False,False,False,False,False,False,False,True,False,False,False,False,False,False,False,False,False,False,False,False,False,False,False,False,False,False,False,False,False,False,True,False,False,False,False
122,Form function attribution bias,"In human–robot interaction, the tendency of people to make systematic errors when interacting with a robot. People may base their expectations and perceptions of a robot on its appearance (form) and attribute functions which do not necessarily mirror the true functions of the robot.[89]",False,False,False,False,False,False,False,False,False,False,False,False,False,True,False,False,False,False,False,False,False,False,False,False,False,False,False,False,False,False,True,False,False,False,False
123,Hindsight bias,"Sometimes called the ""I-knew-it-all-along"" effect, the tendency to see past events as being predictable[90] before they happened.",False,False,False,False,False,False,False,True,False,True,False,False,False,True,False,False,False,False,False,False,False,False,False,False,False,False,False,False,False,False,True,False,False,False,False
124,Impact bias,The tendency to overestimate the length or the intensity of the impact of future feeling states.[45],False,False,True,False,True,False,False,False,True,False,False,False,False,False,False,False,False,False,False,False,False,False,False,False,False,False,False,False,False,False,True,False,False,False,False
125,Information bias,The tendency to seek information even when it cannot affect action.[91],False,False,False,False,False,False,False,False,False,False,True,True,False,False,False,False,False,False,False,False,False,False,False,False,False,False,False,False,False,False,True,False,False,False,False
126,Interoceptive bias or Hungry judge effect,"The tendency for sensory input about the body itself to affect one's judgement about external, unrelated circumstances. (As for example, in parole judges who are more lenient when fed and rested.)  [92][93][94][95]",False,False,False,False,False,False,True,False,False,False,False,False,False,False,False,False,False,False,False,False,False,False,False,False,False,False,False,False,False,False,True,False,False,False,False
127,Money illusion,The tendency to concentrate on the nominal value (face value) of money rather than its value in terms of purchasing power.[96],False,False,False,False,False,False,False,False,False,False,False,False,False,False,False,False,False,False,False,False,False,False,False,False,False,False,False,False,False,False,True,False,False,False,False
128,Moral credential effect,Occurs when someone who does something good gives themselves permission to be less good in the future.,False,False,False,False,False,False,True,False,True,False,False,False,False,False,False,False,False,False,False,False,False,False,False,False,False,False,False,False,False,False,True,False,False,False,False
129,Non-adaptive choice switching,"After experiencing a bad outcome with a decision problem, the tendency to avoid the choice previously made when faced with the same decision problem again, even though the choice was optimal. Also known as ""once bitten, twice shy"" or ""hot stove effect"".[97]",False,False,False,False,False,True,False,False,False,False,False,False,False,False,False,False,False,True,False,False,False,False,False,False,False,False,False,False,False,False,True,False,False,False,False
130,Mere exposure effect or familiarity principle (in social psychology),The tendency to express undue liking for things merely because of familiarity with them.[98],False,False,False,False,False,False,True,False,False,False,False,False,False,False,False,False,False,False,False,False,False,False,False,False,False,False,False,False,False,False,True,False,False,False,False
131,Omission bias,"The tendency to judge harmful actions (commissions) as worse, or less moral, than equally harmful inactions (omissions).[99]",False,False,False,False,False,False,False,False,False,False,True,False,False,False,False,False,False,False,False,False,False,False,False,False,False,False,False,False,False,False,True,False,False,False,False
132,Optimism bias,"The tendency to be over-optimistic, underestimating greatly the probability of undesirable outcomes and overestimating favorable and pleasing outcomes (see also wishful thinking, valence effect, positive outcome bias, and compare pessimism bias).[100][101]",False,True,True,True,True,False,False,False,False,False,False,False,False,False,False,False,False,False,False,False,False,False,False,False,False,False,False,False,False,False,True,False,False,False,False
133,Ostrich effect,Ignoring an obvious negative situation.,False,False,False,False,False,False,True,False,False,False,False,False,False,False,False,False,False,False,False,False,False,False,False,False,False,False,False,False,False,False,True,False,False,False,False
134,Outcome bias,The tendency to judge a decision by its eventual outcome instead of the quality of the decision at the time it was made.,False,False,False,False,False,False,False,False,False,False,False,False,False,False,False,False,False,False,False,False,False,False,False,False,False,False,False,False,False,False,True,False,False,False,False
135,Pessimism bias,"The tendency for some people, especially those suffering from depression, to overestimate the likelihood of negative things happening to them. (compare optimism bias)",False,True,True,False,True,False,False,False,False,False,False,False,False,False,False,False,False,False,False,False,False,False,False,False,False,False,False,False,False,False,True,False,False,False,False
136,Present bias,The tendency of people to give stronger weight to payoffs that are closer to the present time when considering trade-offs between two future moments.[102],False,False,False,False,False,False,False,False,True,False,False,False,False,False,False,True,False,False,False,False,False,False,False,False,False,False,False,False,False,False,True,False,False,False,False
137,Plant blindness,The tendency to ignore plants in their environment and a failure to recognize and appreciate the utility of plants to life on earth.[103],False,False,False,False,False,False,False,False,False,False,False,False,False,False,False,False,False,False,False,False,False,False,False,False,False,False,False,False,False,False,True,False,False,False,False
138,Prevention bias,"When investing money to protect against risks, decision makers perceive that a dollar spent on prevention buys more security than a dollar spent on timely detection and response, even when investing in either option is equally effective.[104]",False,False,False,False,False,True,False,False,False,False,False,False,False,True,True,False,False,False,False,False,False,False,False,False,False,False,False,False,False,False,True,False,False,False,False
139,Probability matching,Sub-optimal matching of the probability of choices with the probability of reward in a stochastic context.,False,True,False,False,False,True,False,False,False,False,False,False,False,False,False,False,False,False,False,False,False,False,False,False,False,False,False,False,False,False,True,False,False,False,False
140,Pro-innovation bias,"The tendency to have an excessive optimism towards an invention or innovation's usefulness throughout society, while often failing to identify its limitations and weaknesses.",False,False,False,False,False,False,False,False,False,False,False,False,False,True,False,False,False,False,False,False,False,False,False,False,False,False,False,False,False,False,True,False,False,False,False
141,Projection bias,"The tendency to overestimate how much our future selves share one's current preferences, thoughts and values, thus leading to sub-optimal choices.[105][106][107]",False,False,True,False,True,True,False,False,True,False,False,False,False,False,False,False,False,False,False,False,False,False,False,False,False,False,False,False,False,False,True,False,False,False,False
142,Proportionality bias,"Our innate tendency to assume that big events have big causes, may also explain our tendency to accept conspiracy theories.[108][109]",False,False,False,False,False,False,False,False,False,False,False,False,True,False,False,False,False,False,False,False,False,False,False,False,False,False,False,False,False,False,True,False,False,False,False
143,Recency illusion,"The illusion that a phenomenon one has noticed only recently is itself recent. Often used to refer to linguistic phenomena; the illusion that a word or language usage that one has noticed only recently is an innovation when it is, in fact, long-established (see also frequency illusion). Also Recency bias is a cognitive bias that favors recent events over historic ones.  A memory bias, recency bias gives ""greater importance to the most recent event"",[110] such as the final lawyer's closing argument a jury hears before being dismissed to deliberate.",True,False,False,False,False,False,False,False,False,False,False,False,False,False,False,False,False,False,False,False,False,False,False,False,False,False,False,False,False,False,True,False,False,False,False
144,Systematic bias,Judgement that arises when targets of differentiating judgement become subject to effects of regression that are not equivalent.[111],False,False,False,False,False,False,False,False,False,False,False,False,False,False,False,False,False,False,False,False,False,False,False,False,False,False,False,False,False,False,True,False,False,False,False
145,Risk compensation or Peltzman effect,The tendency to take greater risks when perceived safety increases.,False,False,False,False,False,False,True,False,False,False,False,False,False,True,True,False,False,False,False,False,False,False,False,False,False,False,False,False,False,False,True,False,False,False,False
146,Surrogation,"Losing sight of the strategic construct that a measure is intended to represent, and subsequently acting as though the measure is the construct of interest.",False,False,False,False,False,False,False,False,False,False,False,False,False,False,False,False,False,False,False,False,False,False,False,False,False,False,False,False,False,False,True,False,False,False,False
147,Parkinson's law of triviality,"The tendency to give disproportionate weight to trivial issues. Also known as bikeshedding, this bias explains why an organization may avoid specialized or complex subjects, such as the design of a nuclear reactor, and instead focus on something easy to grasp or rewarding to the average participant, such as the design of an adjacent bike shed.[112]",False,False,False,False,False,False,False,False,False,False,False,False,False,False,False,True,False,True,False,False,False,False,False,False,False,False,False,False,False,False,True,False,False,False,False
148,Unconscious bias or implicit bias,The underlying attitudes and stereotypes that people unconsciously attribute to another person or group of people that affect how they understand and engage with them. Many researchers suggest that unconscious bias occurs automatically as the brain makes quick judgments based on past experiences and background.[113],False,False,False,False,False,False,False,False,False,True,False,False,False,False,False,False,False,False,False,False,False,False,False,False,False,False,False,False,False,False,True,False,False,False,False
149,Unit bias,"The standard suggested amount of consumption (e.g., food serving size) is perceived to be appropriate, and a person would consume it all even if it is too much for this particular person.[114]",False,False,False,False,False,False,False,False,False,False,False,False,False,True,False,False,False,False,False,False,False,False,False,False,False,False,False,False,False,False,True,False,False,False,False
150,Weber–Fechner law,Difficulty in comparing small differences in large quantities.,False,False,False,False,False,False,False,False,False,False,False,False,False,False,False,False,False,False,False,False,False,False,False,False,False,False,False,False,False,False,False,False,False,False,False
151,Women are wonderful effect,A tendency to associate more positive attributes with women than with men.,False,False,False,False,False,False,True,False,False,False,False,False,False,False,False,False,False,False,False,False,False,False,False,False,False,False,False,False,False,False,True,False,False,False,False
152,Assumed similarity bias,Where an individual assumes that others have more traits in common with them than those others actually do.[130],False,False,False,False,False,False,False,False,False,False,False,False,True,False,False,False,False,False,False,False,False,False,False,False,False,False,False,False,False,False,False,False,False,False,True
153,Pygmalion effect,The phenomenon whereby others' expectations of a target person affect the target person's performance.,False,False,False,False,False,False,True,False,False,False,False,False,False,False,False,False,False,False,False,False,False,False,False,False,False,False,False,False,False,False,False,False,False,False,True
154,Reactance,The urge to do the opposite of what someone wants you to do out of a need to resist a perceived attempt to constrain your freedom of choice (see also Reverse psychology).,False,False,False,False,False,True,False,False,False,False,False,False,False,True,False,False,False,False,False,False,False,False,False,False,False,False,False,False,False,False,False,False,False,False,True
155,Reactive devaluation,Devaluing proposals only because they purportedly originated with an adversary.,False,False,False,False,False,False,False,False,False,False,False,False,False,False,False,False,False,False,False,False,False,False,False,False,False,False,False,False,False,False,False,False,False,False,True
156,Social comparison bias,"The tendency, when making decisions, to favour potential candidates who don't compete with one's own particular strengths.[131]",False,False,False,False,False,False,False,False,False,False,False,False,False,False,False,False,False,False,False,False,False,False,False,False,False,False,False,False,False,False,False,False,False,False,True
157,Shared information bias,"Known as the tendency for group members to spend more time and energy discussing information that all members are already familiar with (i.e., shared information), and less time and energy discussing information that only some members are aware of (i.e., unshared information).[132]",False,False,False,False,False,False,False,False,False,False,False,True,False,False,False,False,False,False,False,False,False,False,False,False,False,False,False,False,False,False,False,False,False,False,True
158,Worse-than-average effect,A tendency to believe ourselves to be worse than others at tasks which are difficult.[133],False,False,False,False,False,False,True,False,False,False,False,False,False,False,False,False,True,False,False,False,False,False,False,False,False,False,False,False,False,False,False,False,False,False,True
159,Availability bias,"Greater likelihood of recalling recent, nearby, or otherwise immediately available examples, and the imputation of importance to those examples over others.",True,True,False,False,False,False,False,False,False,False,False,False,False,False,False,False,False,False,False,False,False,False,False,False,False,False,False,False,False,False,False,False,False,False,False
160,Bizarreness effect,Bizarre material is better remembered than common material.,True,False,False,False,False,False,True,False,False,False,False,False,False,False,False,False,False,False,False,False,False,False,False,False,False,False,False,False,False,False,False,False,False,False,False
161,Boundary extension,Remembering the background of an image as being larger or more expansive than the foreground [139],False,False,False,False,False,False,False,False,False,False,False,False,False,False,False,False,False,False,False,False,False,False,False,False,False,False,False,False,False,False,False,False,False,False,False
162,Childhood amnesia,The retention of few memories from before the age of four.,True,False,False,False,False,False,False,False,False,False,False,False,False,False,False,False,False,False,False,False,False,False,False,False,False,False,False,False,False,False,False,False,False,False,False
163,Choice-supportive bias,The tendency to remember one's choices as better than they actually were.[140],True,False,False,False,False,True,False,False,False,False,False,False,False,False,False,False,False,False,False,False,False,False,False,False,False,False,False,False,False,False,False,False,False,False,False
164,Confirmation bias,"The tendency to search for, interpret, or recall information in a way that confirms one's beliefs or hypotheses. See also under Belief, decision-making and behavioral § Notes.",True,False,False,False,False,False,False,False,False,False,False,True,False,False,False,False,True,False,False,False,False,False,False,False,False,False,False,False,False,False,False,False,False,False,False
165,Conservatism or Regressive bias,"Tendency to remember high values and high likelihoods/probabilities/frequencies as lower than they actually were and low ones as higher than they actually were. Based on the evidence, memories are not extreme enough.[141][142]",True,True,False,False,False,False,False,False,False,False,False,False,False,False,False,False,False,False,False,False,False,False,False,False,False,False,False,False,False,False,False,False,False,False,False
166,Consistency bias,Incorrectly remembering one's past attitudes and behaviour as resembling present attitudes and behaviour.[143],True,False,False,False,False,False,False,False,False,True,False,False,False,False,False,False,False,False,False,False,False,False,False,False,False,False,False,False,False,False,False,False,False,False,False
167,Continued influence effect,"Misinformation continues to influence memory and reasoning about an event, despite the misinformation having been corrected.[144] cf. misinformation effect, where the original memory is affected by incorrect information received later.",True,False,False,False,False,False,True,False,False,False,False,True,False,False,False,False,False,False,False,False,False,False,False,False,False,False,False,False,False,False,False,False,False,False,False
168,Context effect,"That cognition and memory are dependent on context, such that out-of-context memories are more difficult to retrieve than in-context memories (e.g., recall time and accuracy for a work-related memory will be lower at home, and vice versa).",True,False,False,False,False,False,True,False,False,False,False,False,False,False,False,False,False,False,False,False,False,False,False,False,False,False,False,False,False,False,False,False,False,False,False
169,Cross-race effect,The tendency for people of one race to have difficulty identifying members of a race other than their own.,False,False,False,False,False,False,True,False,False,False,False,False,False,True,False,False,False,False,False,False,False,False,False,False,False,False,False,False,False,False,False,False,False,False,False
170,Egocentric bias,"Recalling the past in a self-serving manner, e.g., remembering one's exam grades as being better than they were, or remembering a caught fish as bigger than it really was.",True,False,False,False,False,False,False,False,False,True,False,False,False,False,False,False,False,False,False,False,False,False,False,False,False,False,False,False,False,False,False,False,False,False,False
171,Euphoric recall,"The tendency of people to remember past experiences in a positive light, while overlooking negative experiences associated with that event.",True,False,False,False,False,False,False,False,False,True,False,False,False,False,False,False,False,False,False,False,False,False,False,False,False,False,False,False,False,False,False,False,False,False,False
172,Fading affect bias,A bias in which the emotion associated with unpleasant memories fades more quickly than the emotion associated with positive events.[145],True,False,False,False,False,False,False,False,False,False,False,False,False,False,False,False,False,False,False,False,False,False,False,False,False,False,False,False,False,False,False,False,False,False,False
173,Generation effect (Self-generation effect),"That self-generated information is remembered best. For instance, people are better able to recall memories of statements that they have generated than similar statements generated by others.",True,False,False,False,False,False,True,False,False,False,False,True,False,False,False,False,False,False,False,False,False,False,False,False,False,False,False,False,False,False,False,False,False,False,False
174,Gender differences in eyewitness memory,The tendency for a witness to remember more details about someone of the same gender.,True,False,False,False,False,False,False,False,False,False,False,False,False,False,False,False,False,False,False,False,False,False,False,False,False,False,False,False,False,False,False,False,False,False,False
175,Google effect,The tendency to forget information that can be found readily online by using Internet search engines.,True,False,False,False,False,False,True,False,False,False,False,True,False,False,False,False,False,False,False,False,False,False,False,False,False,False,False,False,False,False,False,False,False,False,False
176,"Hindsight bias (""I-knew-it-all-along"" effect)",The inclination to see past events as being predictable.,False,False,False,False,False,False,True,True,False,True,False,False,False,True,False,False,False,False,False,False,False,False,False,False,False,False,False,False,False,False,True,False,False,False,False
177,Humor effect,"That humorous items are more easily remembered than non-humorous ones, which might be explained by the distinctiveness of humor, the increased cognitive processing time to understand the humor, or the emotional arousal caused by the humor.[146]",True,False,False,False,False,False,True,False,False,False,False,False,False,False,False,False,False,False,False,False,False,False,False,False,False,False,False,False,False,False,False,False,False,False,False
178,Illusory correlation,Inaccurately seeing a relationship between two events related by coincidence.[147] See also under Apophenia § Notes,False,False,False,False,False,False,False,False,False,False,False,False,False,True,False,False,False,False,False,True,False,False,False,False,False,False,False,False,False,False,False,False,False,False,False
179,Illusory truth effect (Illusion-of-truth effect),"People are more likely to identify as true statements those they have previously heard (even if they cannot consciously remember having heard them), regardless of the actual validity of the statement. In other words, a person is more likely to believe a familiar statement than an unfamiliar one. See also under Truthiness § Notes",True,False,False,False,False,False,True,False,False,False,False,False,False,True,False,False,True,False,False,False,False,False,False,False,False,False,False,False,False,False,True,False,False,False,False
180,Lag effect,"The phenomenon whereby learning is greater when studying is spread out over time, as opposed to studying the same amount of time in a single session. See also spacing effect.",False,False,False,False,False,False,True,False,False,False,False,False,False,False,False,False,False,False,False,False,False,False,False,False,False,False,False,False,False,False,False,False,False,False,False
181,Leveling and sharpening,"Memory distortions introduced by the loss of details in a recollection over time, often concurrent with sharpening or selective recollection of certain details that take on exaggerated significance in relation to the details or aspects of the experience lost through leveling. Both biases may be reinforced over time, and by repeated recollection or re-telling of a memory.[148]",True,False,False,False,False,True,False,False,False,False,False,False,False,False,False,False,False,False,False,False,False,False,False,False,False,False,False,False,False,False,False,False,False,False,False
182,Levels-of-processing effect,That different methods of encoding information into memory have different levels of effectiveness.[149],True,False,False,False,False,False,True,False,False,False,False,True,False,False,False,False,False,False,False,False,False,False,False,False,False,False,False,False,False,False,False,False,False,False,False
183,List-length effect,"a smaller percentage of items are remembered in a longer list, but as the length of the list increases, the absolute number of items remembered increases as well.[150]",True,False,False,False,False,False,True,False,False,False,False,False,False,False,False,False,False,False,False,False,False,False,False,False,False,False,False,False,False,False,False,False,False,False,False
184,Memory inhibition,"Being shown some items from a list makes it harder to retrieve the other items (e.g., Slamecka, 1968).",True,False,False,False,False,False,False,False,False,False,False,False,False,False,False,False,False,False,False,False,False,False,False,False,False,False,False,False,False,False,False,False,False,False,False
185,Misinformation effect,"Memory becoming less accurate because of interference from post-event information.[151] cf. continued influence effect, where misinformation about an event, despite later being corrected, continues to influence memory about the event.",True,False,False,False,False,False,True,False,False,False,False,True,False,False,False,False,False,False,False,False,False,False,False,False,False,False,False,False,False,False,False,False,False,False,False
186,Modality effect,That memory recall is higher for the last items of a list when the list items were received via speech than when they were received through writing.,True,False,False,False,False,False,True,False,False,False,False,False,False,False,False,False,False,False,False,False,False,False,False,False,False,False,False,False,False,False,False,False,False,False,False
187,Mood-congruent memory bias (state-dependent memory),The improved recall of information congruent with one's current mood.,True,False,False,False,False,False,False,False,False,False,False,True,False,False,False,False,False,False,False,False,False,False,False,False,False,False,False,False,False,False,False,False,False,False,False
188,Negativity bias or Negativity effect,"Psychological phenomenon by which humans have a greater recall of unpleasant memories compared with positive memories.[152][107] (see also actor-observer bias, group attribution error, positivity effect, and negativity effect).[118]",True,False,False,False,False,False,True,False,False,False,False,False,False,False,False,False,False,False,False,False,False,False,False,False,False,False,False,False,False,False,False,False,False,False,False
189,Next-in-line effect,"When taking turns speaking in a group using a predetermined order (e.g. going clockwise around a room, taking numbers, etc.) people tend to have diminished recall for the words of the person who spoke immediately before them.[153]",True,False,False,False,False,False,True,False,False,False,False,False,False,False,False,False,False,False,False,False,False,False,False,False,False,False,False,False,False,False,False,False,False,False,False
190,Part-list cueing effect,That being shown some items from a list and later retrieving one item causes it to become harder to retrieve the other items.[154],True,False,False,False,False,False,True,False,False,False,False,False,False,False,False,False,False,False,False,False,False,False,False,False,False,False,False,False,False,False,False,False,False,False,False
191,Peak–end rule,"That people seem to perceive not the sum of an experience but the average of how it was at its peak (e.g., pleasant or unpleasant) and how it ended.",False,False,False,False,False,False,False,False,False,False,False,False,False,True,False,False,False,False,False,False,False,False,False,False,False,False,False,False,False,False,False,False,False,False,False
192,Persistence,The unwanted recurrence of memories of a traumatic event.,True,False,False,False,False,False,False,False,False,False,False,False,False,False,False,False,False,False,False,False,False,False,False,False,False,False,False,False,False,False,False,False,False,False,False
193,Picture superiority effect,The notion that concepts that are learned by viewing pictures are more easily and frequently recalled than are concepts that are learned by viewing their written word form counterparts.[155][156][157][158][159][160],True,False,False,False,False,False,True,False,False,False,False,False,False,False,False,False,False,False,False,False,False,False,False,False,False,False,False,False,False,False,False,False,False,False,False
194,Placement bias,Tendency to remember ourselves to be better than others at tasks at which we rate ourselves above average (also Illusory superiority or Better-than-average effect)[161] and tendency to remember ourselves to be worse than others at tasks at which we rate ourselves below average (also Worse-than-average effect).[162],True,False,False,False,False,False,False,False,False,False,False,False,False,False,False,False,False,False,False,False,False,False,False,False,False,False,False,False,False,False,False,False,False,False,False
195,Positivity effect (Socioemotional selectivity theory),That older adults favor positive over negative information in their memories.,True,False,False,False,False,False,True,False,False,False,False,True,False,False,False,False,False,False,False,False,False,False,False,False,False,False,False,False,False,False,False,False,False,False,False
196,Primacy effect,Where an item at the beginning of a list is more easily recalled. A form of serial position effect. See also recency effect and suffix effect.,True,False,False,False,False,False,True,False,False,False,False,False,False,False,False,False,False,False,False,False,False,False,False,False,False,False,False,False,False,False,False,False,False,False,False
197,Processing difficulty effect,That information that takes longer to read and is thought about more (processed with more difficulty) is more easily remembered.[163] See also levels-of-processing effect.,True,False,False,False,False,False,True,False,False,False,False,True,False,False,False,False,False,False,False,False,False,False,False,False,False,False,False,False,False,False,False,False,False,False,False
198,Recency effect,A form of serial position effect where an item at the end of a list is easier to recall. This can be disrupted by the suffix effect. See also primacy effect.,True,False,False,False,False,False,True,False,False,False,False,False,False,False,False,False,False,False,False,False,False,False,False,False,False,False,False,False,False,False,False,False,False,False,False
199,Reminiscence bump,The recalling of more personal events from adolescence and early adulthood than personal events from other lifetime periods.[164],True,False,False,False,False,False,False,False,False,False,False,False,False,False,False,False,False,False,False,False,False,False,False,False,False,False,False,False,False,False,False,False,False,False,False
200,Repetition blindness,Unexpected difficulty in remembering more than one instance of a visual sequence,True,False,False,False,False,False,False,False,False,False,False,False,False,False,False,False,False,False,False,False,False,False,False,False,False,False,False,False,False,False,False,False,False,False,False
201,Rosy retrospection,The remembering of the past as having been better than it really was.,True,False,False,False,False,False,False,False,False,True,False,False,False,False,False,False,False,False,False,False,False,False,False,False,False,False,False,False,False,False,False,False,False,False,False
202,Saying is believing effect,Communicating a socially tuned message to an audience can lead to a bias of identifying the tuned message as one's own thoughts.,False,False,False,False,False,False,True,False,False,False,False,False,False,True,False,False,False,False,False,False,False,False,False,False,False,False,False,False,False,False,False,False,False,False,False
203,Self-serving bias,Perceiving oneself responsible for desirable outcomes but not responsible for undesirable ones.,False,False,False,False,False,False,False,False,False,False,False,False,False,False,False,False,False,False,False,False,False,False,False,False,False,False,False,False,False,False,False,False,True,False,False
204,Self-relevance effect,That memories relating to the self are better recalled than similar information relating to others.,True,False,False,False,False,False,True,False,False,False,False,True,False,False,False,False,False,False,False,False,False,False,False,False,False,False,False,False,False,False,False,False,False,False,False
205,Self-serving bias,Perceiving oneself responsible for desirable outcomes but not responsible for undesirable ones.,False,False,False,False,False,False,False,False,False,False,False,False,False,False,False,False,False,False,False,False,False,False,False,False,False,False,False,False,False,False,False,False,True,False,False
206,Serial position effect,"That items near the end of a sequence are the easiest to recall, followed by the items at the beginning of a sequence; items in the middle are the least likely to be remembered.[165] See also recency effect, primacy effect and suffix effect.",True,False,False,False,False,False,True,False,False,False,False,False,False,False,False,False,False,False,False,False,False,False,False,False,False,False,False,False,False,False,False,False,False,False,False
207,Spacing effect,That information is better recalled if exposure to it is repeated over a long span of time rather than a short one. See also lag effect.,True,False,False,False,False,False,True,False,False,False,False,True,False,False,False,False,False,False,False,False,False,False,False,False,False,False,False,False,False,False,False,False,False,False,False
208,Spotlight effect,The tendency to overestimate the amount that other people notice your appearance or behavior.,False,False,True,False,True,False,True,False,False,False,False,False,False,False,False,False,False,False,False,False,False,False,False,False,False,False,False,False,False,False,False,False,False,False,False
209,Stereotype bias or stereotypical bias,"Memory distorted towards stereotypes (e.g., racial or gender).",False,False,False,False,False,False,False,False,False,False,False,False,False,False,False,False,False,False,False,False,False,False,False,False,False,True,False,False,False,False,False,False,False,False,False
210,Suffix effect,Diminishment of the recency effect because a sound item is appended to the list that the subject is not required to recall.[166][167] A form of serial position effect. Cf. recency effect and primacy effect.,True,False,False,False,False,False,True,False,False,False,False,False,False,False,False,False,False,False,False,False,False,False,False,False,False,False,False,False,False,False,False,False,False,False,False
211,Subadditivity effect,The tendency to estimate that the likelihood of a remembered event is less than the sum of its (more than two) mutually exclusive components.[168],True,True,True,True,False,False,True,False,False,False,False,False,False,False,False,False,False,False,False,False,False,False,False,False,False,False,False,True,False,False,False,False,False,False,False
212,Tachypsychia,"When time perceived by the individual either lengthens, making events appear to slow down, or contracts.[169]",False,False,False,False,False,False,False,False,False,False,False,False,False,True,False,False,False,False,False,False,False,False,False,False,False,False,False,False,False,False,False,False,False,False,False
213,Telescoping effect,"The tendency to displace recent events backwards in time and remote events forward in time, so that recent events appear more remote, and remote events, more recent.",False,False,False,False,False,False,True,False,False,False,False,False,False,False,False,False,False,False,False,False,False,False,False,False,False,False,False,False,False,False,False,False,False,False,False
214,Testing effect,The fact that you more easily recall information you have read by rewriting it instead of rereading it.[170] Frequent testing of material that has been committed to memory improves memory recall.,True,False,False,False,False,False,True,False,False,False,False,True,False,False,False,False,False,False,False,False,False,False,False,False,False,False,False,False,False,False,False,False,False,False,False
215,Tip of the tongue phenomenon,"When a subject is able to recall parts of an item, or related information, but is frustratingly unable to recall the whole item. This is thought to be an instance of ""blocking"" where multiple similar memories are being recalled and interfere with each other.[136]",True,False,False,False,False,False,False,False,False,False,False,True,False,False,False,False,False,False,False,False,False,False,False,False,False,False,False,False,False,False,False,False,False,False,False
216,Travis syndrome,Overestimating the significance of the present.[171] It is related to chronological snobbery with possibly an appeal to novelty logical fallacy being part of the bias.,False,False,True,False,True,False,False,False,False,False,False,False,False,False,False,False,False,False,False,False,False,False,False,False,False,False,False,False,False,False,False,False,False,False,False
217,Verbatim effect,"That the ""gist"" of what someone has said is better remembered than the verbatim wording.[172] This is because memories are representations, not exact copies.",True,False,False,False,False,False,True,False,False,False,False,False,False,False,False,False,False,False,False,False,False,False,False,False,False,False,False,False,False,False,False,False,False,False,False
218,von Restorff effect,That an item that sticks out is more likely to be remembered than other items.[173],True,False,False,False,False,False,True,False,False,False,False,False,False,False,False,False,False,False,False,False,False,False,False,False,False,False,False,False,False,False,False,False,False,False,False
219,Zeigarnik effect,That uncompleted or interrupted tasks are remembered better than completed ones.,True,False,False,False,False,False,True,False,False,False,False,False,False,False,False,False,False,False,False,False,False,False,False,False,False,False,False,False,False,False,False,False,False,False,False
